RPT_DT,RPT_DTM,SEX,AGE_GROUP,AGE_GM,CRIME_TYPE,CT_M,VIC_NUM
1/1/1993,33970,F,21-24,4,SIMPLE ASSAULT,1,506603
1/1/1994,34335,F,21-24,4,SIMPLE ASSAULT,1,620518
1/1/1995,34700,F,21-24,4,SIMPLE ASSAULT,1,561957
1/1/1996,35065,F,21-24,4,SIMPLE ASSAULT,1,465148
1/1/1997,35431,F,21-24,4,SIMPLE ASSAULT,1,556624
1/1/1998,35796,F,21-24,4,SIMPLE ASSAULT,1,472725
1/1/1999,36161,F,21-24,4,SIMPLE ASSAULT,1,373239
1/1/2000,36526,F,21-24,4,SIMPLE ASSAULT,1,294061
1/1/2001,36892,F,21-24,4,SIMPLE ASSAULT,1,328601
1/1/2002,37257,F,21-24,4,SIMPLE ASSAULT,1,195865
1/1/2003,37622,F,21-24,4,SIMPLE ASSAULT,1,336617
1/1/2004,37987,F,21-24,4,SIMPLE ASSAULT,1,316705
1/1/2005,38353,F,21-24,4,SIMPLE ASSAULT,1,237308
1/1/2006,38718,F,21-24,4,SIMPLE ASSAULT,1,299442
1/1/2007,39083,F,21-24,4,SIMPLE ASSAULT,1,223860
1/1/2008,39448,F,21-24,4,SIMPLE ASSAULT,1,314803
1/1/2009,39814,F,21-24,4,SIMPLE ASSAULT,1,192480
1/1/2010,40179,F,21-24,4,SIMPLE ASSAULT,1,124397
1/1/2011,40544,F,21-24,4,SIMPLE ASSAULT,1,142261
1/1/2012,40909,F,21-24,4,SIMPLE ASSAULT,1,235027
1/1/2013,41275,F,21-24,4,SIMPLE ASSAULT,1,243193
1/1/2014,41640,F,21-24,4,SIMPLE ASSAULT,1,151818
1/1/2015,42005,F,21-24,4,SIMPLE ASSAULT,1,134137
1/1/2016,42370,F,21-24,4,SIMPLE ASSAULT,1,200902
1/1/2017,42736,F,21-24,4,SIMPLE ASSAULT,1,138664
1/1/2018,43101,F,21-24,4,SIMPLE ASSAULT,1,161460
1/1/2019,43466,F,21-24,4,SIMPLE ASSAULT,1,181316
1/1/2020,43831,F,21-24,4,SIMPLE ASSAULT,1,110809
1/1/2021,44197,F,21-24,4,SIMPLE ASSAULT,1,62649
1/1/2022,44562,F,21-24,4,SIMPLE ASSAULT,1,196127
1/1/1993,33970,F,21-24,4,VIOLENT CRIME EXCLUDING SIMPLE ASSAULT,2,395787
1/1/1994,34335,F,21-24,4,VIOLENT CRIME EXCLUDING SIMPLE ASSAULT,2,284019
1/1/1995,34700,F,21-24,4,VIOLENT CRIME EXCLUDING SIMPLE ASSAULT,2,236151
1/1/1996,35065,F,21-24,4,VIOLENT CRIME EXCLUDING SIMPLE ASSAULT,2,270448
1/1/1997,35431,F,21-24,4,VIOLENT CRIME EXCLUDING SIMPLE ASSAULT,2,206015
1/1/1998,35796,F,21-24,4,VIOLENT CRIME EXCLUDING SIMPLE ASSAULT,2,274072
1/1/1999,36161,F,21-24,4,VIOLENT CRIME EXCLUDING SIMPLE ASSAULT,2,127580
1/1/2000,36526,F,21-24,4,VIOLENT CRIME EXCLUDING SIMPLE ASSAULT,2,184078
1/1/2001,36892,F,21-24,4,VIOLENT CRIME EXCLUDING SIMPLE ASSAULT,2,110960
1/1/2002,37257,F,21-24,4,VIOLENT CRIME EXCLUDING SIMPLE ASSAULT,2,200647
1/1/2003,37622,F,21-24,4,VIOLENT CRIME EXCLUDING SIMPLE ASSAULT,2,219846
1/1/2004,37987,F,21-24,4,VIOLENT CRIME EXCLUDING SIMPLE ASSAULT,2,120866
1/1/2005,38353,F,21-24,4,VIOLENT CRIME EXCLUDING SIMPLE ASSAULT,2,162245
1/1/2006,38718,F,21-24,4,VIOLENT CRIME EXCLUDING SIMPLE ASSAULT,2,218998
1/1/2007,39083,F,21-24,4,VIOLENT CRIME EXCLUDING SIMPLE ASSAULT,2,104653
1/1/2008,39448,F,21-24,4,VIOLENT CRIME EXCLUDING SIMPLE ASSAULT,2,136907
1/1/2009,39814,F,21-24,4,VIOLENT CRIME EXCLUDING SIMPLE ASSAULT,2,218646
1/1/2010,40179,F,21-24,4,VIOLENT CRIME EXCLUDING SIMPLE ASSAULT,2,155596
1/1/2011,40544,F,21-24,4,VIOLENT CRIME EXCLUDING SIMPLE ASSAULT,2,100101
1/1/2012,40909,F,21-24,4,VIOLENT CRIME EXCLUDING SIMPLE ASSAULT,2,100972
1/1/2013,41275,F,21-24,4,VIOLENT CRIME EXCLUDING SIMPLE ASSAULT,2,66417
1/1/2014,41640,F,21-24,4,VIOLENT CRIME EXCLUDING SIMPLE ASSAULT,2,137860
1/1/2015,42005,F,21-24,4,VIOLENT CRIME EXCLUDING SIMPLE ASSAULT,2,119128
1/1/2016,42370,F,21-24,4,VIOLENT CRIME EXCLUDING SIMPLE ASSAULT,2,116188
1/1/2017,42736,F,21-24,4,VIOLENT CRIME EXCLUDING SIMPLE ASSAULT,2,149718
1/1/2018,43101,F,21-24,4,VIOLENT CRIME EXCLUDING SIMPLE ASSAULT,2,151107
1/1/2019,43466,F,21-24,4,VIOLENT CRIME EXCLUDING SIMPLE ASSAULT,2,160625
1/1/2020,43831,F,21-24,4,VIOLENT CRIME EXCLUDING SIMPLE ASSAULT,2,132488
1/1/2021,44197,F,21-24,4,VIOLENT CRIME EXCLUDING SIMPLE ASSAULT,2,103827
1/1/2022,44562,F,21-24,4,VIOLENT CRIME EXCLUDING SIMPLE ASSAULT,2,175796
1/1/1993,33970,F,50 -64,7,SIMPLE ASSAULT,1,161781
1/1/1994,34335,F,50 -64,7,SIMPLE ASSAULT,1,256016
1/1/1995,34700,F,50 -64,7,SIMPLE ASSAULT,1,247961
1/1/1996,35065,F,50 -64,7,SIMPLE ASSAULT,1,239614
1/1/1997,35431,F,50 -64,7,SIMPLE ASSAULT,1,196175
1/1/1998,35796,F,50 -64,7,SIMPLE ASSAULT,1,244351
1/1/1999,36161,F,50 -64,7,SIMPLE ASSAULT,1,238899
1/1/2000,36526,F,50 -64,7,SIMPLE ASSAULT,1,329881
1/1/2001,36892,F,50 -64,7,SIMPLE ASSAULT,1,169989
1/1/2002,37257,F,50 -64,7,SIMPLE ASSAULT,1,260402
1/1/2003,37622,F,50 -64,7,SIMPLE ASSAULT,1,281108
1/1/2004,37987,F,50 -64,7,SIMPLE ASSAULT,1,228499
1/1/2005,38353,F,50 -64,7,SIMPLE ASSAULT,1,228399
1/1/2006,38718,F,50 -64,7,SIMPLE ASSAULT,1,269025
1/1/2007,39083,F,50 -64,7,SIMPLE ASSAULT,1,244689
1/1/2008,39448,F,50 -64,7,SIMPLE ASSAULT,1,273550
1/1/2009,39814,F,50 -64,7,SIMPLE ASSAULT,1,270618
1/1/2010,40179,F,50 -64,7,SIMPLE ASSAULT,1,277050
1/1/2011,40544,F,50 -64,7,SIMPLE ASSAULT,1,218198
1/1/2012,40909,F,50 -64,7,SIMPLE ASSAULT,1,358867
1/1/2013,41275,F,50 -64,7,SIMPLE ASSAULT,1,397078
1/1/2014,41640,F,50 -64,7,SIMPLE ASSAULT,1,344152
1/1/2015,42005,F,50 -64,7,SIMPLE ASSAULT,1,296313
1/1/2016,42370,F,50 -64,7,SIMPLE ASSAULT,1,393345
1/1/2017,42736,F,50 -64,7,SIMPLE ASSAULT,1,390504
1/1/2018,43101,F,50 -64,7,SIMPLE ASSAULT,1,400048
1/1/2019,43466,F,50 -64,7,SIMPLE ASSAULT,1,484664
1/1/2020,43831,F,50 -64,7,SIMPLE ASSAULT,1,370900
1/1/2021,44197,F,50 -64,7,SIMPLE ASSAULT,1,379414
1/1/2022,44562,F,50 -64,7,SIMPLE ASSAULT,1,296002
1/1/1993,33970,F,50 -64,7,VIOLENT CRIME EXCLUDING SIMPLE ASSAULT,2,94200
1/1/1994,34335,F,50 -64,7,VIOLENT CRIME EXCLUDING SIMPLE ASSAULT,2,125564
1/1/1995,34700,F,50 -64,7,VIOLENT CRIME EXCLUDING SIMPLE ASSAULT,2,85301
1/1/1996,35065,F,50 -64,7,VIOLENT CRIME EXCLUDING SIMPLE ASSAULT,2,148090
1/1/1997,35431,F,50 -64,7,VIOLENT CRIME EXCLUDING SIMPLE ASSAULT,2,65149
1/1/1998,35796,F,50 -64,7,VIOLENT CRIME EXCLUDING SIMPLE ASSAULT,2,121800
1/1/1999,36161,F,50 -64,7,VIOLENT CRIME EXCLUDING SIMPLE ASSAULT,2,87578
1/1/2000,36526,F,50 -64,7,VIOLENT CRIME EXCLUDING SIMPLE ASSAULT,2,69178
1/1/2001,36892,F,50 -64,7,VIOLENT CRIME EXCLUDING SIMPLE ASSAULT,2,87302
1/1/2002,37257,F,50 -64,7,VIOLENT CRIME EXCLUDING SIMPLE ASSAULT,2,92005
1/1/2003,37622,F,50 -64,7,VIOLENT CRIME EXCLUDING SIMPLE ASSAULT,2,91878
1/1/2004,37987,F,50 -64,7,VIOLENT CRIME EXCLUDING SIMPLE ASSAULT,2,165845
1/1/2005,38353,F,50 -64,7,VIOLENT CRIME EXCLUDING SIMPLE ASSAULT,2,100337
1/1/2006,38718,F,50 -64,7,VIOLENT CRIME EXCLUDING SIMPLE ASSAULT,2,148229
1/1/2007,39083,F,50 -64,7,VIOLENT CRIME EXCLUDING SIMPLE ASSAULT,2,72763
1/1/2008,39448,F,50 -64,7,VIOLENT CRIME EXCLUDING SIMPLE ASSAULT,2,59633
1/1/2009,39814,F,50 -64,7,VIOLENT CRIME EXCLUDING SIMPLE ASSAULT,2,167067
1/1/2010,40179,F,50 -64,7,VIOLENT CRIME EXCLUDING SIMPLE ASSAULT,2,94501
1/1/2011,40544,F,50 -64,7,VIOLENT CRIME EXCLUDING SIMPLE ASSAULT,2,117899
1/1/2012,40909,F,50 -64,7,VIOLENT CRIME EXCLUDING SIMPLE ASSAULT,2,95066
1/1/2013,41275,F,50 -64,7,VIOLENT CRIME EXCLUDING SIMPLE ASSAULT,2,240610
1/1/2014,41640,F,50 -64,7,VIOLENT CRIME EXCLUDING SIMPLE ASSAULT,2,225983
1/1/2015,42005,F,50 -64,7,VIOLENT CRIME EXCLUDING SIMPLE ASSAULT,2,224741
1/1/2016,42370,F,50 -64,7,VIOLENT CRIME EXCLUDING SIMPLE ASSAULT,2,154617
1/1/2017,42736,F,50 -64,7,VIOLENT CRIME EXCLUDING SIMPLE ASSAULT,2,167982
1/1/2018,43101,F,50 -64,7,VIOLENT CRIME EXCLUDING SIMPLE ASSAULT,2,158004
1/1/2019,43466,F,50 -64,7,VIOLENT CRIME EXCLUDING SIMPLE ASSAULT,2,185476
1/1/2020,43831,F,50 -64,7,VIOLENT CRIME EXCLUDING SIMPLE ASSAULT,2,118969
1/1/2021,44197,F,50 -64,7,VIOLENT CRIME EXCLUDING SIMPLE ASSAULT,2,111117
1/1/2022,44562,F,50 -64,7,VIOLENT CRIME EXCLUDING SIMPLE ASSAULT,2,224078
1/1/1993,33970,F,18 -20,3,SIMPLE ASSAULT,1,342448
1/1/1994,34335,F,18 -20,3,SIMPLE ASSAULT,1,411872
1/1/1995,34700,F,18 -20,3,SIMPLE ASSAULT,1,484182
1/1/1996,35065,F,18 -20,3,SIMPLE ASSAULT,1,407416
1/1/1997,35431,F,18 -20,3,SIMPLE ASSAULT,1,364448
1/1/1998,35796,F,18 -20,3,SIMPLE ASSAULT,1,416007
1/1/1999,36161,F,18 -20,3,SIMPLE ASSAULT,1,289706
1/1/2000,36526,F,18 -20,3,SIMPLE ASSAULT,1,218516
1/1/2001,36892,F,18 -20,3,SIMPLE ASSAULT,1,190670
1/1/2002,37257,F,18 -20,3,SIMPLE ASSAULT,1,270649
1/1/2003,37622,F,18 -20,3,SIMPLE ASSAULT,1,279629
1/1/2004,37987,F,18 -20,3,SIMPLE ASSAULT,1,193032
1/1/2005,38353,F,18 -20,3,SIMPLE ASSAULT,1,150625
1/1/2006,38718,F,18 -20,3,SIMPLE ASSAULT,1,240745
1/1/2007,39083,F,18 -20,3,SIMPLE ASSAULT,1,194968
1/1/2008,39448,F,18 -20,3,SIMPLE ASSAULT,1,115732
1/1/2009,39814,F,18 -20,3,SIMPLE ASSAULT,1,118870
1/1/2010,40179,F,18 -20,3,SIMPLE ASSAULT,1,141896
1/1/2011,40544,F,18 -20,3,SIMPLE ASSAULT,1,291840
1/1/2012,40909,F,18 -20,3,SIMPLE ASSAULT,1,156266
1/1/2013,41275,F,18 -20,3,SIMPLE ASSAULT,1,182762
1/1/2014,41640,F,18 -20,3,SIMPLE ASSAULT,1,66173
1/1/2015,42005,F,18 -20,3,SIMPLE ASSAULT,1,81604
1/1/2016,42370,F,18 -20,3,SIMPLE ASSAULT,1,64411
1/1/2017,42736,F,18 -20,3,SIMPLE ASSAULT,1,96278
1/1/2018,43101,F,18 -20,3,SIMPLE ASSAULT,1,226274
1/1/2019,43466,F,18 -20,3,SIMPLE ASSAULT,1,166145
1/1/2020,43831,F,18 -20,3,SIMPLE ASSAULT,1,62516
1/1/2021,44197,F,18 -20,3,SIMPLE ASSAULT,1,71029
1/1/2022,44562,F,18 -20,3,SIMPLE ASSAULT,1,43017
1/1/1993,33970,F,18 -20,3,VIOLENT CRIME EXCLUDING SIMPLE ASSAULT,2,320121
1/1/1994,34335,F,18 -20,3,VIOLENT CRIME EXCLUDING SIMPLE ASSAULT,2,229741
1/1/1995,34700,F,18 -20,3,VIOLENT CRIME EXCLUDING SIMPLE ASSAULT,2,210228
1/1/1996,35065,F,18 -20,3,VIOLENT CRIME EXCLUDING SIMPLE ASSAULT,2,232070
1/1/1997,35431,F,18 -20,3,VIOLENT CRIME EXCLUDING SIMPLE ASSAULT,2,256762
1/1/1998,35796,F,18 -20,3,VIOLENT CRIME EXCLUDING SIMPLE ASSAULT,2,163621
1/1/1999,36161,F,18 -20,3,VIOLENT CRIME EXCLUDING SIMPLE ASSAULT,2,213591
1/1/2000,36526,F,18 -20,3,VIOLENT CRIME EXCLUDING SIMPLE ASSAULT,2,134078
1/1/2001,36892,F,18 -20,3,VIOLENT CRIME EXCLUDING SIMPLE ASSAULT,2,164574
1/1/2002,37257,F,18 -20,3,VIOLENT CRIME EXCLUDING SIMPLE ASSAULT,2,169924
1/1/2003,37622,F,18 -20,3,VIOLENT CRIME EXCLUDING SIMPLE ASSAULT,2,134972
1/1/2004,37987,F,18 -20,3,VIOLENT CRIME EXCLUDING SIMPLE ASSAULT,2,145792
1/1/2005,38353,F,18 -20,3,VIOLENT CRIME EXCLUDING SIMPLE ASSAULT,2,126803
1/1/2006,38718,F,18 -20,3,VIOLENT CRIME EXCLUDING SIMPLE ASSAULT,2,124534
1/1/2007,39083,F,18 -20,3,VIOLENT CRIME EXCLUDING SIMPLE ASSAULT,2,57575
1/1/2008,39448,F,18 -20,3,VIOLENT CRIME EXCLUDING SIMPLE ASSAULT,2,133278
1/1/2009,39814,F,18 -20,3,VIOLENT CRIME EXCLUDING SIMPLE ASSAULT,2,49083
1/1/2010,40179,F,18 -20,3,VIOLENT CRIME EXCLUDING SIMPLE ASSAULT,2,110309
1/1/2011,40544,F,18 -20,3,VIOLENT CRIME EXCLUDING SIMPLE ASSAULT,2,111645
1/1/2012,40909,F,18 -20,3,VIOLENT CRIME EXCLUDING SIMPLE ASSAULT,2,122475
1/1/2013,41275,F,18 -20,3,VIOLENT CRIME EXCLUDING SIMPLE ASSAULT,2,96695
1/1/2014,41640,F,18 -20,3,VIOLENT CRIME EXCLUDING SIMPLE ASSAULT,2,33407
1/1/2015,42005,F,18 -20,3,VIOLENT CRIME EXCLUDING SIMPLE ASSAULT,2,73289
1/1/2016,42370,F,18 -20,3,VIOLENT CRIME EXCLUDING SIMPLE ASSAULT,2,62028
1/1/2017,42736,F,18 -20,3,VIOLENT CRIME EXCLUDING SIMPLE ASSAULT,2,166418
1/1/2018,43101,F,18 -20,3,VIOLENT CRIME EXCLUDING SIMPLE ASSAULT,2,159038
1/1/2019,43466,F,18 -20,3,VIOLENT CRIME EXCLUDING SIMPLE ASSAULT,2,116582
1/1/2020,43831,F,18 -20,3,VIOLENT CRIME EXCLUDING SIMPLE ASSAULT,2,115462
1/1/2021,44197,F,18 -20,3,VIOLENT CRIME EXCLUDING SIMPLE ASSAULT,2,107916
1/1/2022,44562,F,18 -20,3,VIOLENT CRIME EXCLUDING SIMPLE ASSAULT,2,182724
1/1/1993,33970,F,35 -49,6,SIMPLE ASSAULT,1,1276452
1/1/1994,34335,F,35 -49,6,SIMPLE ASSAULT,1,1221244
1/1/1995,34700,F,35 -49,6,SIMPLE ASSAULT,1,1006091
1/1/1996,35065,F,35 -49,6,SIMPLE ASSAULT,1,1052924
1/1/1997,35431,F,35 -49,6,SIMPLE ASSAULT,1,1178054
1/1/1998,35796,F,35 -49,6,SIMPLE ASSAULT,1,959667
1/1/1999,36161,F,35 -49,6,SIMPLE ASSAULT,1,825566
1/1/2000,36526,F,35 -49,6,SIMPLE ASSAULT,1,568297
1/1/2001,36892,F,35 -49,6,SIMPLE ASSAULT,1,593522
1/1/2002,37257,F,35 -49,6,SIMPLE ASSAULT,1,663480
1/1/2003,37622,F,35 -49,6,SIMPLE ASSAULT,1,529703
1/1/2004,37987,F,35 -49,6,SIMPLE ASSAULT,1,623576
1/1/2005,38353,F,35 -49,6,SIMPLE ASSAULT,1,556881
1/1/2006,38718,F,35 -49,6,SIMPLE ASSAULT,1,542373
1/1/2007,39083,F,35 -49,6,SIMPLE ASSAULT,1,521298
1/1/2008,39448,F,35 -49,6,SIMPLE ASSAULT,1,505086
1/1/2009,39814,F,35 -49,6,SIMPLE ASSAULT,1,572958
1/1/2010,40179,F,35 -49,6,SIMPLE ASSAULT,1,388458
1/1/2011,40544,F,35 -49,6,SIMPLE ASSAULT,1,433210
1/1/2012,40909,F,35 -49,6,SIMPLE ASSAULT,1,536435
1/1/2013,41275,F,35 -49,6,SIMPLE ASSAULT,1,420533
1/1/2014,41640,F,35 -49,6,SIMPLE ASSAULT,1,391085
1/1/2015,42005,F,35 -49,6,SIMPLE ASSAULT,1,568916
1/1/2016,42370,F,35 -49,6,SIMPLE ASSAULT,1,502567
1/1/2017,42736,F,35 -49,6,SIMPLE ASSAULT,1,461122
1/1/2018,43101,F,35 -49,6,SIMPLE ASSAULT,1,449497
1/1/2019,43466,F,35 -49,6,SIMPLE ASSAULT,1,429830
1/1/2020,43831,F,35 -49,6,SIMPLE ASSAULT,1,397779
1/1/2021,44197,F,35 -49,6,SIMPLE ASSAULT,1,420808
1/1/2022,44562,F,35 -49,6,SIMPLE ASSAULT,1,529626
1/1/1993,33970,F,35 -49,6,VIOLENT CRIME EXCLUDING SIMPLE ASSAULT,2,515185
1/1/1994,34335,F,35 -49,6,VIOLENT CRIME EXCLUDING SIMPLE ASSAULT,2,556775
1/1/1995,34700,F,35 -49,6,VIOLENT CRIME EXCLUDING SIMPLE ASSAULT,2,518862
1/1/1996,35065,F,35 -49,6,VIOLENT CRIME EXCLUDING SIMPLE ASSAULT,2,415326
1/1/1997,35431,F,35 -49,6,VIOLENT CRIME EXCLUDING SIMPLE ASSAULT,2,591029
1/1/1998,35796,F,35 -49,6,VIOLENT CRIME EXCLUDING SIMPLE ASSAULT,2,377344
1/1/1999,36161,F,35 -49,6,VIOLENT CRIME EXCLUDING SIMPLE ASSAULT,2,470632
1/1/2000,36526,F,35 -49,6,VIOLENT CRIME EXCLUDING SIMPLE ASSAULT,2,247403
1/1/2001,36892,F,35 -49,6,VIOLENT CRIME EXCLUDING SIMPLE ASSAULT,2,360200
1/1/2002,37257,F,35 -49,6,VIOLENT CRIME EXCLUDING SIMPLE ASSAULT,2,222296
1/1/2003,37622,F,35 -49,6,VIOLENT CRIME EXCLUDING SIMPLE ASSAULT,2,214988
1/1/2004,37987,F,35 -49,6,VIOLENT CRIME EXCLUDING SIMPLE ASSAULT,2,271698
1/1/2005,38353,F,35 -49,6,VIOLENT CRIME EXCLUDING SIMPLE ASSAULT,2,195882
1/1/2006,38718,F,35 -49,6,VIOLENT CRIME EXCLUDING SIMPLE ASSAULT,2,402807
1/1/2007,39083,F,35 -49,6,VIOLENT CRIME EXCLUDING SIMPLE ASSAULT,2,273669
1/1/2008,39448,F,35 -49,6,VIOLENT CRIME EXCLUDING SIMPLE ASSAULT,2,311194
1/1/2009,39814,F,35 -49,6,VIOLENT CRIME EXCLUDING SIMPLE ASSAULT,2,189125
1/1/2010,40179,F,35 -49,6,VIOLENT CRIME EXCLUDING SIMPLE ASSAULT,2,174945
1/1/2011,40544,F,35 -49,6,VIOLENT CRIME EXCLUDING SIMPLE ASSAULT,2,206665
1/1/2012,40909,F,35 -49,6,VIOLENT CRIME EXCLUDING SIMPLE ASSAULT,2,235456
1/1/2013,41275,F,35 -49,6,VIOLENT CRIME EXCLUDING SIMPLE ASSAULT,2,190681
1/1/2014,41640,F,35 -49,6,VIOLENT CRIME EXCLUDING SIMPLE ASSAULT,2,255450
1/1/2015,42005,F,35 -49,6,VIOLENT CRIME EXCLUDING SIMPLE ASSAULT,2,312634
1/1/2016,42370,F,35 -49,6,VIOLENT CRIME EXCLUDING SIMPLE ASSAULT,2,185570
1/1/2017,42736,F,35 -49,6,VIOLENT CRIME EXCLUDING SIMPLE ASSAULT,2,284372
1/1/2018,43101,F,35 -49,6,VIOLENT CRIME EXCLUDING SIMPLE ASSAULT,2,379116
1/1/2019,43466,F,35 -49,6,VIOLENT CRIME EXCLUDING SIMPLE ASSAULT,2,225800
1/1/2020,43831,F,35 -49,6,VIOLENT CRIME EXCLUDING SIMPLE ASSAULT,2,173113
1/1/2021,44197,F,35 -49,6,VIOLENT CRIME EXCLUDING SIMPLE ASSAULT,2,227755
1/1/2022,44562,F,35 -49,6,VIOLENT CRIME EXCLUDING SIMPLE ASSAULT,2,350169
1/1/1993,33970,F,65 <,8,SIMPLE ASSAULT,1,57060
1/1/1994,34335,F,65 <,8,SIMPLE ASSAULT,1,43077
1/1/1995,34700,F,65 <,8,SIMPLE ASSAULT,1,52122
1/1/1996,35065,F,65 <,8,SIMPLE ASSAULT,1,52109
1/1/1997,35431,F,65 <,8,SIMPLE ASSAULT,1,67902
1/1/1998,35796,F,65 <,8,SIMPLE ASSAULT,1,46466
1/1/1999,36161,F,65 <,8,SIMPLE ASSAULT,1,57069
1/1/2000,36526,F,65 <,8,SIMPLE ASSAULT,1,38542
1/1/2001,36892,F,65 <,8,SIMPLE ASSAULT,1,85736
1/1/2002,37257,F,65 <,8,SIMPLE ASSAULT,1,40582
1/1/2003,37622,F,65 <,8,SIMPLE ASSAULT,1,20114
1/1/2004,37987,F,65 <,8,SIMPLE ASSAULT,1,26345
1/1/2005,38353,F,65 <,8,SIMPLE ASSAULT,1,21929
1/1/2006,38718,F,65 <,8,SIMPLE ASSAULT,1,44430
1/1/2007,39083,F,65 <,8,SIMPLE ASSAULT,1,35039
1/1/2008,39448,F,65 <,8,SIMPLE ASSAULT,1,48642
1/1/2009,39814,F,65 <,8,SIMPLE ASSAULT,1,59076
1/1/2010,40179,F,65 <,8,SIMPLE ASSAULT,1,46865
1/1/2011,40544,F,65 <,8,SIMPLE ASSAULT,1,74066
1/1/2012,40909,F,65 <,8,SIMPLE ASSAULT,1,93659
1/1/2013,41275,F,65 <,8,SIMPLE ASSAULT,1,45293
1/1/2014,41640,F,65 <,8,SIMPLE ASSAULT,1,34705
1/1/2015,42005,F,65 <,8,SIMPLE ASSAULT,1,119094
1/1/2016,42370,F,65 <,8,SIMPLE ASSAULT,1,100277
1/1/2017,42736,F,65 <,8,SIMPLE ASSAULT,1,126391
1/1/2018,43101,F,65 <,8,SIMPLE ASSAULT,1,101597
1/1/2019,43466,F,65 <,8,SIMPLE ASSAULT,1,81683
1/1/2020,43831,F,65 <,8,SIMPLE ASSAULT,1,66542
1/1/2021,44197,F,65 <,8,SIMPLE ASSAULT,1,109392
1/1/2022,44562,F,65 <,8,SIMPLE ASSAULT,1,181253
1/1/1993,33970,F,65 <,8,VIOLENT CRIME EXCLUDING SIMPLE ASSAULT,2,66871
1/1/1994,34335,F,65 <,8,VIOLENT CRIME EXCLUDING SIMPLE ASSAULT,2,45573
1/1/1995,34700,F,65 <,8,VIOLENT CRIME EXCLUDING SIMPLE ASSAULT,2,26449
1/1/1996,35065,F,65 <,8,VIOLENT CRIME EXCLUDING SIMPLE ASSAULT,2,28647
1/1/1997,35431,F,65 <,8,VIOLENT CRIME EXCLUDING SIMPLE ASSAULT,2,23399
1/1/1998,35796,F,65 <,8,VIOLENT CRIME EXCLUDING SIMPLE ASSAULT,2,12165
1/1/1999,36161,F,65 <,8,VIOLENT CRIME EXCLUDING SIMPLE ASSAULT,2,25393
1/1/2000,36526,F,65 <,8,VIOLENT CRIME EXCLUDING SIMPLE ASSAULT,2,32918
1/1/2001,36892,F,65 <,8,VIOLENT CRIME EXCLUDING SIMPLE ASSAULT,2,48010
1/1/2002,37257,F,65 <,8,VIOLENT CRIME EXCLUDING SIMPLE ASSAULT,2,29517
1/1/2003,37622,F,65 <,8,VIOLENT CRIME EXCLUDING SIMPLE ASSAULT,2,25766
1/1/2004,37987,F,65 <,8,VIOLENT CRIME EXCLUDING SIMPLE ASSAULT,2,9431
1/1/2005,38353,F,65 <,8,VIOLENT CRIME EXCLUDING SIMPLE ASSAULT,2,10903
1/1/2006,38718,F,65 <,8,VIOLENT CRIME EXCLUDING SIMPLE ASSAULT,2,23274
1/1/2007,39083,F,65 <,8,VIOLENT CRIME EXCLUDING SIMPLE ASSAULT,2,23497
1/1/2008,39448,F,65 <,8,VIOLENT CRIME EXCLUDING SIMPLE ASSAULT,2,18901
1/1/2009,39814,F,65 <,8,VIOLENT CRIME EXCLUDING SIMPLE ASSAULT,2,13187
1/1/2010,40179,F,65 <,8,VIOLENT CRIME EXCLUDING SIMPLE ASSAULT,2,9439
1/1/2011,40544,F,65 <,8,VIOLENT CRIME EXCLUDING SIMPLE ASSAULT,2,42598
1/1/2012,40909,F,65 <,8,VIOLENT CRIME EXCLUDING SIMPLE ASSAULT,2,33891
1/1/2013,41275,F,65 <,8,VIOLENT CRIME EXCLUDING SIMPLE ASSAULT,2,21346
1/1/2014,41640,F,65 <,8,VIOLENT CRIME EXCLUDING SIMPLE ASSAULT,2,35395
1/1/2015,42005,F,65 <,8,VIOLENT CRIME EXCLUDING SIMPLE ASSAULT,2,54467
1/1/2016,42370,F,65 <,8,VIOLENT CRIME EXCLUDING SIMPLE ASSAULT,2,20603
1/1/2017,42736,F,65 <,8,VIOLENT CRIME EXCLUDING SIMPLE ASSAULT,2,33093
1/1/2018,43101,F,65 <,8,VIOLENT CRIME EXCLUDING SIMPLE ASSAULT,2,57558
1/1/2019,43466,F,65 <,8,VIOLENT CRIME EXCLUDING SIMPLE ASSAULT,2,48042
1/1/2020,43831,F,65 <,8,VIOLENT CRIME EXCLUDING SIMPLE ASSAULT,2,42492
1/1/2021,44197,F,65 <,8,VIOLENT CRIME EXCLUDING SIMPLE ASSAULT,2,60436
1/1/2022,44562,F,65 <,8,VIOLENT CRIME EXCLUDING SIMPLE ASSAULT,2,122412
1/1/1993,33970,F,15- 17,2,SIMPLE ASSAULT,1,370940
1/1/1994,34335,F,15- 17,2,SIMPLE ASSAULT,1,348382
1/1/1995,34700,F,15- 17,2,SIMPLE ASSAULT,1,415087
1/1/1996,35065,F,15- 17,2,SIMPLE ASSAULT,1,381774
1/1/1997,35431,F,15- 17,2,SIMPLE ASSAULT,1,449128
1/1/1998,35796,F,15- 17,2,SIMPLE ASSAULT,1,309912
1/1/1999,36161,F,15- 17,2,SIMPLE ASSAULT,1,497493
1/1/2000,36526,F,15- 17,2,SIMPLE ASSAULT,1,312376
1/1/2001,36892,F,15- 17,2,SIMPLE ASSAULT,1,300305
1/1/2002,37257,F,15- 17,2,SIMPLE ASSAULT,1,309932
1/1/2003,37622,F,15- 17,2,SIMPLE ASSAULT,1,262217
1/1/2004,37987,F,15- 17,2,SIMPLE ASSAULT,1,136627
1/1/2005,38353,F,15- 17,2,SIMPLE ASSAULT,1,278268
1/1/2006,38718,F,15- 17,2,SIMPLE ASSAULT,1,315525
1/1/2007,39083,F,15- 17,2,SIMPLE ASSAULT,1,166254
1/1/2008,39448,F,15- 17,2,SIMPLE ASSAULT,1,139058
1/1/2009,39814,F,15- 17,2,SIMPLE ASSAULT,1,128416
1/1/2010,40179,F,15- 17,2,SIMPLE ASSAULT,1,56495
1/1/2011,40544,F,15- 17,2,SIMPLE ASSAULT,1,107417
1/1/2012,40909,F,15- 17,2,SIMPLE ASSAULT,1,202483
1/1/2013,41275,F,15- 17,2,SIMPLE ASSAULT,1,226340
1/1/2014,41640,F,15- 17,2,SIMPLE ASSAULT,1,154137
1/1/2015,42005,F,15- 17,2,SIMPLE ASSAULT,1,74882
1/1/2016,42370,F,15- 17,2,SIMPLE ASSAULT,1,53632
1/1/2017,42736,F,15- 17,2,SIMPLE ASSAULT,1,117011
1/1/2018,43101,F,15- 17,2,SIMPLE ASSAULT,1,99221
1/1/2019,43466,F,15- 17,2,SIMPLE ASSAULT,1,141376
1/1/2020,43831,F,15- 17,2,SIMPLE ASSAULT,1,45581
1/1/2021,44197,F,15- 17,2,SIMPLE ASSAULT,1,21809
1/1/2022,44562,F,15- 17,2,SIMPLE ASSAULT,1,98254
1/1/1993,33970,F,15- 17,2,VIOLENT CRIME EXCLUDING SIMPLE ASSAULT,2,224340
1/1/1994,34335,F,15- 17,2,VIOLENT CRIME EXCLUDING SIMPLE ASSAULT,2,307653
1/1/1995,34700,F,15- 17,2,VIOLENT CRIME EXCLUDING SIMPLE ASSAULT,2,228279
1/1/1996,35065,F,15- 17,2,VIOLENT CRIME EXCLUDING SIMPLE ASSAULT,2,278836
1/1/1997,35431,F,15- 17,2,VIOLENT CRIME EXCLUDING SIMPLE ASSAULT,2,251787
1/1/1998,35796,F,15- 17,2,VIOLENT CRIME EXCLUDING SIMPLE ASSAULT,2,166896
1/1/1999,36161,F,15- 17,2,VIOLENT CRIME EXCLUDING SIMPLE ASSAULT,2,250911
1/1/2000,36526,F,15- 17,2,VIOLENT CRIME EXCLUDING SIMPLE ASSAULT,2,74217
1/1/2001,36892,F,15- 17,2,VIOLENT CRIME EXCLUDING SIMPLE ASSAULT,2,119394
1/1/2002,37257,F,15- 17,2,VIOLENT CRIME EXCLUDING SIMPLE ASSAULT,2,83331
1/1/2003,37622,F,15- 17,2,VIOLENT CRIME EXCLUDING SIMPLE ASSAULT,2,235868
1/1/2004,37987,F,15- 17,2,VIOLENT CRIME EXCLUDING SIMPLE ASSAULT,2,57440
1/1/2005,38353,F,15- 17,2,VIOLENT CRIME EXCLUDING SIMPLE ASSAULT,2,81828
1/1/2006,38718,F,15- 17,2,VIOLENT CRIME EXCLUDING SIMPLE ASSAULT,2,120059
1/1/2007,39083,F,15- 17,2,VIOLENT CRIME EXCLUDING SIMPLE ASSAULT,2,191592
1/1/2008,39448,F,15- 17,2,VIOLENT CRIME EXCLUDING SIMPLE ASSAULT,2,61210
1/1/2009,39814,F,15- 17,2,VIOLENT CRIME EXCLUDING SIMPLE ASSAULT,2,57166
1/1/2010,40179,F,15- 17,2,VIOLENT CRIME EXCLUDING SIMPLE ASSAULT,2,115620
1/1/2011,40544,F,15- 17,2,VIOLENT CRIME EXCLUDING SIMPLE ASSAULT,2,55570
1/1/2012,40909,F,15- 17,2,VIOLENT CRIME EXCLUDING SIMPLE ASSAULT,2,31235
1/1/2013,41275,F,15- 17,2,VIOLENT CRIME EXCLUDING SIMPLE ASSAULT,2,60223
1/1/2014,41640,F,15- 17,2,VIOLENT CRIME EXCLUDING SIMPLE ASSAULT,2,36086
1/1/2015,42005,F,15- 17,2,VIOLENT CRIME EXCLUDING SIMPLE ASSAULT,2,34930
1/1/2016,42370,F,15- 17,2,VIOLENT CRIME EXCLUDING SIMPLE ASSAULT,2,39844
1/1/2017,42736,F,15- 17,2,VIOLENT CRIME EXCLUDING SIMPLE ASSAULT,2,48900
1/1/2018,43101,F,15- 17,2,VIOLENT CRIME EXCLUDING SIMPLE ASSAULT,2,87416
1/1/2019,43466,F,15- 17,2,VIOLENT CRIME EXCLUDING SIMPLE ASSAULT,2,91700
1/1/2020,43831,F,15- 17,2,VIOLENT CRIME EXCLUDING SIMPLE ASSAULT,2,72796
1/1/2021,44197,F,15- 17,2,VIOLENT CRIME EXCLUDING SIMPLE ASSAULT,2,24035
1/1/2022,44562,F,15- 17,2,VIOLENT CRIME EXCLUDING SIMPLE ASSAULT,2,64043
1/1/1993,33970,F,12- 14,1,SIMPLE ASSAULT,1,629099
1/1/1994,34335,F,12- 14,1,SIMPLE ASSAULT,1,820235
1/1/1995,34700,F,12- 14,1,SIMPLE ASSAULT,1,586566
1/1/1996,35065,F,12- 14,1,SIMPLE ASSAULT,1,471253
1/1/1997,35431,F,12- 14,1,SIMPLE ASSAULT,1,479545
1/1/1998,35796,F,12- 14,1,SIMPLE ASSAULT,1,351818
1/1/1999,36161,F,12- 14,1,SIMPLE ASSAULT,1,332784
1/1/2000,36526,F,12- 14,1,SIMPLE ASSAULT,1,238282
1/1/2001,36892,F,12- 14,1,SIMPLE ASSAULT,1,236647
1/1/2002,37257,F,12- 14,1,SIMPLE ASSAULT,1,261782
1/1/2003,37622,F,12- 14,1,SIMPLE ASSAULT,1,237402
1/1/2004,37987,F,12- 14,1,SIMPLE ASSAULT,1,217255
1/1/2005,38353,F,12- 14,1,SIMPLE ASSAULT,1,168663
1/1/2006,38718,F,12- 14,1,SIMPLE ASSAULT,1,178711
1/1/2007,39083,F,12- 14,1,SIMPLE ASSAULT,1,253120
1/1/2008,39448,F,12- 14,1,SIMPLE ASSAULT,1,160767
1/1/2009,39814,F,12- 14,1,SIMPLE ASSAULT,1,158245
1/1/2010,40179,F,12- 14,1,SIMPLE ASSAULT,1,96362
1/1/2011,40544,F,12- 14,1,SIMPLE ASSAULT,1,160120
1/1/2012,40909,F,12- 14,1,SIMPLE ASSAULT,1,225055
1/1/2013,41275,F,12- 14,1,SIMPLE ASSAULT,1,239922
1/1/2014,41640,F,12- 14,1,SIMPLE ASSAULT,1,128468
1/1/2015,42005,F,12- 14,1,SIMPLE ASSAULT,1,222088
1/1/2016,42370,F,12- 14,1,SIMPLE ASSAULT,1,80781
1/1/2017,42736,F,12- 14,1,SIMPLE ASSAULT,1,117664
1/1/2018,43101,F,12- 14,1,SIMPLE ASSAULT,1,89676
1/1/2019,43466,F,12- 14,1,SIMPLE ASSAULT,1,128891
1/1/2020,43831,F,12- 14,1,SIMPLE ASSAULT,1,68326
1/1/2021,44197,F,12- 14,1,SIMPLE ASSAULT,1,52102
1/1/2022,44562,F,12- 14,1,SIMPLE ASSAULT,1,127470
1/1/1993,33970,F,12- 14,1,VIOLENT CRIME EXCLUDING SIMPLE ASSAULT,2,227531
1/1/1994,34335,F,12- 14,1,VIOLENT CRIME EXCLUDING SIMPLE ASSAULT,2,181571
1/1/1995,34700,F,12- 14,1,VIOLENT CRIME EXCLUDING SIMPLE ASSAULT,2,133175
1/1/1996,35065,F,12- 14,1,VIOLENT CRIME EXCLUDING SIMPLE ASSAULT,2,105355
1/1/1997,35431,F,12- 14,1,VIOLENT CRIME EXCLUDING SIMPLE ASSAULT,2,176394
1/1/1998,35796,F,12- 14,1,VIOLENT CRIME EXCLUDING SIMPLE ASSAULT,2,194746
1/1/1999,36161,F,12- 14,1,VIOLENT CRIME EXCLUDING SIMPLE ASSAULT,2,139198
1/1/2000,36526,F,12- 14,1,VIOLENT CRIME EXCLUDING SIMPLE ASSAULT,2,76429
1/1/2001,36892,F,12- 14,1,VIOLENT CRIME EXCLUDING SIMPLE ASSAULT,2,120670
1/1/2002,37257,F,12- 14,1,VIOLENT CRIME EXCLUDING SIMPLE ASSAULT,2,89253
1/1/2003,37622,F,12- 14,1,VIOLENT CRIME EXCLUDING SIMPLE ASSAULT,2,53246
1/1/2004,37987,F,12- 14,1,VIOLENT CRIME EXCLUDING SIMPLE ASSAULT,2,59452
1/1/2005,38353,F,12- 14,1,VIOLENT CRIME EXCLUDING SIMPLE ASSAULT,2,56791
1/1/2006,38718,F,12- 14,1,VIOLENT CRIME EXCLUDING SIMPLE ASSAULT,2,119933
1/1/2007,39083,F,12- 14,1,VIOLENT CRIME EXCLUDING SIMPLE ASSAULT,2,54308
1/1/2008,39448,F,12- 14,1,VIOLENT CRIME EXCLUDING SIMPLE ASSAULT,2,99904
1/1/2009,39814,F,12- 14,1,VIOLENT CRIME EXCLUDING SIMPLE ASSAULT,2,104042
1/1/2010,40179,F,12- 14,1,VIOLENT CRIME EXCLUDING SIMPLE ASSAULT,2,53274
1/1/2011,40544,F,12- 14,1,VIOLENT CRIME EXCLUDING SIMPLE ASSAULT,2,38807
1/1/2012,40909,F,12- 14,1,VIOLENT CRIME EXCLUDING SIMPLE ASSAULT,2,34740
1/1/2013,41275,F,12- 14,1,VIOLENT CRIME EXCLUDING SIMPLE ASSAULT,2,45497
1/1/2014,41640,F,12- 14,1,VIOLENT CRIME EXCLUDING SIMPLE ASSAULT,2,36544
1/1/2015,42005,F,12- 14,1,VIOLENT CRIME EXCLUDING SIMPLE ASSAULT,2,64497
1/1/2016,42370,F,12- 14,1,VIOLENT CRIME EXCLUDING SIMPLE ASSAULT,2,39524
1/1/2017,42736,F,12- 14,1,VIOLENT CRIME EXCLUDING SIMPLE ASSAULT,2,27305
1/1/2018,43101,F,12- 14,1,VIOLENT CRIME EXCLUDING SIMPLE ASSAULT,2,47047
1/1/2019,43466,F,12- 14,1,VIOLENT CRIME EXCLUDING SIMPLE ASSAULT,2,18931
1/1/2020,43831,F,12- 14,1,VIOLENT CRIME EXCLUDING SIMPLE ASSAULT,2,12048
1/1/2021,44197,F,12- 14,1,VIOLENT CRIME EXCLUDING SIMPLE ASSAULT,2,31021
1/1/2022,44562,F,12- 14,1,VIOLENT CRIME EXCLUDING SIMPLE ASSAULT,2,34999
1/1/1993,33970,F,25 -34,5,SIMPLE ASSAULT,1,998892
1/1/1994,34335,F,25 -34,5,SIMPLE ASSAULT,1,1286595
1/1/1995,34700,F,25 -34,5,SIMPLE ASSAULT,1,1239149
1/1/1996,35065,F,25 -34,5,SIMPLE ASSAULT,1,1095489
1/1/1997,35431,F,25 -34,5,SIMPLE ASSAULT,1,910561
1/1/1998,35796,F,25 -34,5,SIMPLE ASSAULT,1,755624
1/1/1999,36161,F,25 -34,5,SIMPLE ASSAULT,1,778426
1/1/2000,36526,F,25 -34,5,SIMPLE ASSAULT,1,620361
1/1/2001,36892,F,25 -34,5,SIMPLE ASSAULT,1,503624
1/1/2002,37257,F,25 -34,5,SIMPLE ASSAULT,1,529346
1/1/2003,37622,F,25 -34,5,SIMPLE ASSAULT,1,502278
1/1/2004,37987,F,25 -34,5,SIMPLE ASSAULT,1,389517
1/1/2005,38353,F,25 -34,5,SIMPLE ASSAULT,1,357115
1/1/2006,38718,F,25 -34,5,SIMPLE ASSAULT,1,565934
1/1/2007,39083,F,25 -34,5,SIMPLE ASSAULT,1,380894
1/1/2008,39448,F,25 -34,5,SIMPLE ASSAULT,1,422539
1/1/2009,39814,F,25 -34,5,SIMPLE ASSAULT,1,434064
1/1/2010,40179,F,25 -34,5,SIMPLE ASSAULT,1,404074
1/1/2011,40544,F,25 -34,5,SIMPLE ASSAULT,1,295435
1/1/2012,40909,F,25 -34,5,SIMPLE ASSAULT,1,443711
1/1/2013,41275,F,25 -34,5,SIMPLE ASSAULT,1,374174
1/1/2014,41640,F,25 -34,5,SIMPLE ASSAULT,1,390481
1/1/2015,42005,F,25 -34,5,SIMPLE ASSAULT,1,298816
1/1/2016,42370,F,25 -34,5,SIMPLE ASSAULT,1,432634
1/1/2017,42736,F,25 -34,5,SIMPLE ASSAULT,1,384580
1/1/2018,43101,F,25 -34,5,SIMPLE ASSAULT,1,541494
1/1/2019,43466,F,25 -34,5,SIMPLE ASSAULT,1,349879
1/1/2020,43831,F,25 -34,5,SIMPLE ASSAULT,1,310395
1/1/2021,44197,F,25 -34,5,SIMPLE ASSAULT,1,219449
1/1/2022,44562,F,25 -34,5,SIMPLE ASSAULT,1,454143
1/1/1993,33970,F,25 -34,5,VIOLENT CRIME EXCLUDING SIMPLE ASSAULT,2,744334
1/1/1994,34335,F,25 -34,5,VIOLENT CRIME EXCLUDING SIMPLE ASSAULT,2,797719
1/1/1995,34700,F,25 -34,5,VIOLENT CRIME EXCLUDING SIMPLE ASSAULT,2,513426
1/1/1996,35065,F,25 -34,5,VIOLENT CRIME EXCLUDING SIMPLE ASSAULT,2,554539
1/1/1997,35431,F,25 -34,5,VIOLENT CRIME EXCLUDING SIMPLE ASSAULT,2,453977
1/1/1998,35796,F,25 -34,5,VIOLENT CRIME EXCLUDING SIMPLE ASSAULT,2,308361
1/1/1999,36161,F,25 -34,5,VIOLENT CRIME EXCLUDING SIMPLE ASSAULT,2,406755
1/1/2000,36526,F,25 -34,5,VIOLENT CRIME EXCLUDING SIMPLE ASSAULT,2,255143
1/1/2001,36892,F,25 -34,5,VIOLENT CRIME EXCLUDING SIMPLE ASSAULT,2,228065
1/1/2002,37257,F,25 -34,5,VIOLENT CRIME EXCLUDING SIMPLE ASSAULT,2,249324
1/1/2003,37622,F,25 -34,5,VIOLENT CRIME EXCLUDING SIMPLE ASSAULT,2,238921
1/1/2004,37987,F,25 -34,5,VIOLENT CRIME EXCLUDING SIMPLE ASSAULT,2,210503
1/1/2005,38353,F,25 -34,5,VIOLENT CRIME EXCLUDING SIMPLE ASSAULT,2,170157
1/1/2006,38718,F,25 -34,5,VIOLENT CRIME EXCLUDING SIMPLE ASSAULT,2,334503
1/1/2007,39083,F,25 -34,5,VIOLENT CRIME EXCLUDING SIMPLE ASSAULT,2,265481
1/1/2008,39448,F,25 -34,5,VIOLENT CRIME EXCLUDING SIMPLE ASSAULT,2,275685
1/1/2009,39814,F,25 -34,5,VIOLENT CRIME EXCLUDING SIMPLE ASSAULT,2,175777
1/1/2010,40179,F,25 -34,5,VIOLENT CRIME EXCLUDING SIMPLE ASSAULT,2,176175
1/1/2011,40544,F,25 -34,5,VIOLENT CRIME EXCLUDING SIMPLE ASSAULT,2,206965
1/1/2012,40909,F,25 -34,5,VIOLENT CRIME EXCLUDING SIMPLE ASSAULT,2,228822
1/1/2013,41275,F,25 -34,5,VIOLENT CRIME EXCLUDING SIMPLE ASSAULT,2,229692
1/1/2014,41640,F,25 -34,5,VIOLENT CRIME EXCLUDING SIMPLE ASSAULT,2,196276
1/1/2015,42005,F,25 -34,5,VIOLENT CRIME EXCLUDING SIMPLE ASSAULT,2,239675
1/1/2016,42370,F,25 -34,5,VIOLENT CRIME EXCLUDING SIMPLE ASSAULT,2,306986
1/1/2017,42736,F,25 -34,5,VIOLENT CRIME EXCLUDING SIMPLE ASSAULT,2,200858
1/1/2018,43101,F,25 -34,5,VIOLENT CRIME EXCLUDING SIMPLE ASSAULT,2,320868
1/1/2019,43466,F,25 -34,5,VIOLENT CRIME EXCLUDING SIMPLE ASSAULT,2,152490
1/1/2020,43831,F,25 -34,5,VIOLENT CRIME EXCLUDING SIMPLE ASSAULT,2,216221
1/1/2021,44197,F,25 -34,5,VIOLENT CRIME EXCLUDING SIMPLE ASSAULT,2,222958
1/1/2022,44562,F,25 -34,5,VIOLENT CRIME EXCLUDING SIMPLE ASSAULT,2,291895
