rpt_dt,rpt_dtm,sex,age_group,age_gm,crime_type,ct_m,vic_num
1993,33970,F,21-24,2,SIMPLE ASSAULT,1,506603
1994,34335,F,21-24,2,SIMPLE ASSAULT,1,620518
1995,34700,F,21-24,2,SIMPLE ASSAULT,1,561957
1996,35065,F,21-24,2,SIMPLE ASSAULT,1,465148
1997,35431,F,21-24,2,SIMPLE ASSAULT,1,556624
1998,35796,F,21-24,2,SIMPLE ASSAULT,1,472725
1999,36161,F,21-24,2,SIMPLE ASSAULT,1,373239
2000,36526,F,21-24,2,SIMPLE ASSAULT,1,294061
2001,36892,F,21-24,2,SIMPLE ASSAULT,1,328601
2002,37257,F,21-24,2,SIMPLE ASSAULT,1,195865
2003,37622,F,21-24,2,SIMPLE ASSAULT,1,336617
2004,37987,F,21-24,2,SIMPLE ASSAULT,1,316705
2005,38353,F,21-24,2,SIMPLE ASSAULT,1,237308
2006,38718,F,21-24,2,SIMPLE ASSAULT,1,299442
2007,39083,F,21-24,2,SIMPLE ASSAULT,1,223860
2008,39448,F,21-24,2,SIMPLE ASSAULT,1,314803
2009,39814,F,21-24,2,SIMPLE ASSAULT,1,192480
2010,40179,F,21-24,2,SIMPLE ASSAULT,1,124397
2011,40544,F,21-24,2,SIMPLE ASSAULT,1,142261
2012,40909,F,21-24,2,SIMPLE ASSAULT,1,235027
2013,41275,F,21-24,2,SIMPLE ASSAULT,1,243193
2014,41640,F,21-24,2,SIMPLE ASSAULT,1,151818
2015,42005,F,21-24,2,SIMPLE ASSAULT,1,134137
2016,42370,F,21-24,2,SIMPLE ASSAULT,1,200902
2017,42736,F,21-24,2,SIMPLE ASSAULT,1,138664
2018,43101,F,21-24,2,SIMPLE ASSAULT,1,161460
2019,43466,F,21-24,2,SIMPLE ASSAULT,1,181316
2020,43831,F,21-24,2,SIMPLE ASSAULT,1,110809
2021,44197,F,21-24,2,SIMPLE ASSAULT,1,62649
2022,44562,F,21-24,2,SIMPLE ASSAULT,1,196127
1993,33970,F,21-24,2,VIOLENT CRIME EXCLUDING SIMPLE ASSAULT,2,395787
1994,34335,F,21-24,2,VIOLENT CRIME EXCLUDING SIMPLE ASSAULT,2,284019
1995,34700,F,21-24,2,VIOLENT CRIME EXCLUDING SIMPLE ASSAULT,2,236151
1996,35065,F,21-24,2,VIOLENT CRIME EXCLUDING SIMPLE ASSAULT,2,270448
1997,35431,F,21-24,2,VIOLENT CRIME EXCLUDING SIMPLE ASSAULT,2,206015
1998,35796,F,21-24,2,VIOLENT CRIME EXCLUDING SIMPLE ASSAULT,2,274072
1999,36161,F,21-24,2,VIOLENT CRIME EXCLUDING SIMPLE ASSAULT,2,127580
2000,36526,F,21-24,2,VIOLENT CRIME EXCLUDING SIMPLE ASSAULT,2,184078
2001,36892,F,21-24,2,VIOLENT CRIME EXCLUDING SIMPLE ASSAULT,2,110960
2002,37257,F,21-24,2,VIOLENT CRIME EXCLUDING SIMPLE ASSAULT,2,200647
2003,37622,F,21-24,2,VIOLENT CRIME EXCLUDING SIMPLE ASSAULT,2,219846
2004,37987,F,21-24,2,VIOLENT CRIME EXCLUDING SIMPLE ASSAULT,2,120866
2005,38353,F,21-24,2,VIOLENT CRIME EXCLUDING SIMPLE ASSAULT,2,162245
2006,38718,F,21-24,2,VIOLENT CRIME EXCLUDING SIMPLE ASSAULT,2,218998
2007,39083,F,21-24,2,VIOLENT CRIME EXCLUDING SIMPLE ASSAULT,2,104653
2008,39448,F,21-24,2,VIOLENT CRIME EXCLUDING SIMPLE ASSAULT,2,136907
2009,39814,F,21-24,2,VIOLENT CRIME EXCLUDING SIMPLE ASSAULT,2,218646
2010,40179,F,21-24,2,VIOLENT CRIME EXCLUDING SIMPLE ASSAULT,2,155596
2011,40544,F,21-24,2,VIOLENT CRIME EXCLUDING SIMPLE ASSAULT,2,100101
2012,40909,F,21-24,2,VIOLENT CRIME EXCLUDING SIMPLE ASSAULT,2,100972
2013,41275,F,21-24,2,VIOLENT CRIME EXCLUDING SIMPLE ASSAULT,2,66417
2014,41640,F,21-24,2,VIOLENT CRIME EXCLUDING SIMPLE ASSAULT,2,137860
2015,42005,F,21-24,2,VIOLENT CRIME EXCLUDING SIMPLE ASSAULT,2,119128
2016,42370,F,21-24,2,VIOLENT CRIME EXCLUDING SIMPLE ASSAULT,2,116188
2017,42736,F,21-24,2,VIOLENT CRIME EXCLUDING SIMPLE ASSAULT,2,149718
2018,43101,F,21-24,2,VIOLENT CRIME EXCLUDING SIMPLE ASSAULT,2,151107
2019,43466,F,21-24,2,VIOLENT CRIME EXCLUDING SIMPLE ASSAULT,2,160625
2020,43831,F,21-24,2,VIOLENT CRIME EXCLUDING SIMPLE ASSAULT,2,132488
2021,44197,F,21-24,2,VIOLENT CRIME EXCLUDING SIMPLE ASSAULT,2,103827
2022,44562,F,21-24,2,VIOLENT CRIME EXCLUDING SIMPLE ASSAULT,2,175796
1993,33970,F,50 -64,4,SIMPLE ASSAULT,1,161781
1994,34335,F,50 -64,4,SIMPLE ASSAULT,1,256016
1995,34700,F,50 -64,4,SIMPLE ASSAULT,1,247961
1996,35065,F,50 -64,4,SIMPLE ASSAULT,1,239614
1997,35431,F,50 -64,4,SIMPLE ASSAULT,1,196175
1998,35796,F,50 -64,4,SIMPLE ASSAULT,1,244351
1999,36161,F,50 -64,4,SIMPLE ASSAULT,1,238899
2000,36526,F,50 -64,4,SIMPLE ASSAULT,1,329881
2001,36892,F,50 -64,4,SIMPLE ASSAULT,1,169989
2002,37257,F,50 -64,4,SIMPLE ASSAULT,1,260402
2003,37622,F,50 -64,4,SIMPLE ASSAULT,1,281108
2004,37987,F,50 -64,4,SIMPLE ASSAULT,1,228499
2005,38353,F,50 -64,4,SIMPLE ASSAULT,1,228399
2006,38718,F,50 -64,4,SIMPLE ASSAULT,1,269025
2007,39083,F,50 -64,4,SIMPLE ASSAULT,1,244689
2008,39448,F,50 -64,4,SIMPLE ASSAULT,1,273550
2009,39814,F,50 -64,4,SIMPLE ASSAULT,1,270618
2010,40179,F,50 -64,4,SIMPLE ASSAULT,1,277050
2011,40544,F,50 -64,4,SIMPLE ASSAULT,1,218198
2012,40909,F,50 -64,4,SIMPLE ASSAULT,1,358867
2013,41275,F,50 -64,4,SIMPLE ASSAULT,1,397078
2014,41640,F,50 -64,4,SIMPLE ASSAULT,1,344152
2015,42005,F,50 -64,4,SIMPLE ASSAULT,1,296313
2016,42370,F,50 -64,4,SIMPLE ASSAULT,1,393345
2017,42736,F,50 -64,4,SIMPLE ASSAULT,1,390504
2018,43101,F,50 -64,4,SIMPLE ASSAULT,1,400048
2019,43466,F,50 -64,4,SIMPLE ASSAULT,1,484664
2020,43831,F,50 -64,4,SIMPLE ASSAULT,1,370900
2021,44197,F,50 -64,4,SIMPLE ASSAULT,1,379414
2022,44562,F,50 -64,4,SIMPLE ASSAULT,1,296002
1993,33970,F,50 -64,4,VIOLENT CRIME EXCLUDING SIMPLE ASSAULT,2,94200
1994,34335,F,50 -64,4,VIOLENT CRIME EXCLUDING SIMPLE ASSAULT,2,125564
1995,34700,F,50 -64,4,VIOLENT CRIME EXCLUDING SIMPLE ASSAULT,2,85301
1996,35065,F,50 -64,4,VIOLENT CRIME EXCLUDING SIMPLE ASSAULT,2,148090
1997,35431,F,50 -64,4,VIOLENT CRIME EXCLUDING SIMPLE ASSAULT,2,65149
1998,35796,F,50 -64,4,VIOLENT CRIME EXCLUDING SIMPLE ASSAULT,2,121800
1999,36161,F,50 -64,4,VIOLENT CRIME EXCLUDING SIMPLE ASSAULT,2,87578
2000,36526,F,50 -64,4,VIOLENT CRIME EXCLUDING SIMPLE ASSAULT,2,69178
2001,36892,F,50 -64,4,VIOLENT CRIME EXCLUDING SIMPLE ASSAULT,2,87302
2002,37257,F,50 -64,4,VIOLENT CRIME EXCLUDING SIMPLE ASSAULT,2,92005
2003,37622,F,50 -64,4,VIOLENT CRIME EXCLUDING SIMPLE ASSAULT,2,91878
2004,37987,F,50 -64,4,VIOLENT CRIME EXCLUDING SIMPLE ASSAULT,2,165845
2005,38353,F,50 -64,4,VIOLENT CRIME EXCLUDING SIMPLE ASSAULT,2,100337
2006,38718,F,50 -64,4,VIOLENT CRIME EXCLUDING SIMPLE ASSAULT,2,148229
2007,39083,F,50 -64,4,VIOLENT CRIME EXCLUDING SIMPLE ASSAULT,2,72763
2008,39448,F,50 -64,4,VIOLENT CRIME EXCLUDING SIMPLE ASSAULT,2,59633
2009,39814,F,50 -64,4,VIOLENT CRIME EXCLUDING SIMPLE ASSAULT,2,167067
2010,40179,F,50 -64,4,VIOLENT CRIME EXCLUDING SIMPLE ASSAULT,2,94501
2011,40544,F,50 -64,4,VIOLENT CRIME EXCLUDING SIMPLE ASSAULT,2,117899
2012,40909,F,50 -64,4,VIOLENT CRIME EXCLUDING SIMPLE ASSAULT,2,95066
2013,41275,F,50 -64,4,VIOLENT CRIME EXCLUDING SIMPLE ASSAULT,2,240610
2014,41640,F,50 -64,4,VIOLENT CRIME EXCLUDING SIMPLE ASSAULT,2,225983
2015,42005,F,50 -64,4,VIOLENT CRIME EXCLUDING SIMPLE ASSAULT,2,224741
2016,42370,F,50 -64,4,VIOLENT CRIME EXCLUDING SIMPLE ASSAULT,2,154617
2017,42736,F,50 -64,4,VIOLENT CRIME EXCLUDING SIMPLE ASSAULT,2,167982
2018,43101,F,50 -64,4,VIOLENT CRIME EXCLUDING SIMPLE ASSAULT,2,158004
2019,43466,F,50 -64,4,VIOLENT CRIME EXCLUDING SIMPLE ASSAULT,2,185476
2020,43831,F,50 -64,4,VIOLENT CRIME EXCLUDING SIMPLE ASSAULT,2,118969
2021,44197,F,50 -64,4,VIOLENT CRIME EXCLUDING SIMPLE ASSAULT,2,111117
2022,44562,F,50 -64,4,VIOLENT CRIME EXCLUDING SIMPLE ASSAULT,2,224078
1993,33970,F,18 -20,2,SIMPLE ASSAULT,1,342448
1994,34335,F,18 -20,2,SIMPLE ASSAULT,1,411872
1995,34700,F,18 -20,2,SIMPLE ASSAULT,1,484182
1996,35065,F,18 -20,2,SIMPLE ASSAULT,1,407416
1997,35431,F,18 -20,2,SIMPLE ASSAULT,1,364448
1998,35796,F,18 -20,2,SIMPLE ASSAULT,1,416007
1999,36161,F,18 -20,2,SIMPLE ASSAULT,1,289706
2000,36526,F,18 -20,2,SIMPLE ASSAULT,1,218516
2001,36892,F,18 -20,2,SIMPLE ASSAULT,1,190670
2002,37257,F,18 -20,2,SIMPLE ASSAULT,1,270649
2003,37622,F,18 -20,2,SIMPLE ASSAULT,1,279629
2004,37987,F,18 -20,2,SIMPLE ASSAULT,1,193032
2005,38353,F,18 -20,2,SIMPLE ASSAULT,1,150625
2006,38718,F,18 -20,2,SIMPLE ASSAULT,1,240745
2007,39083,F,18 -20,2,SIMPLE ASSAULT,1,194968
2008,39448,F,18 -20,2,SIMPLE ASSAULT,1,115732
2009,39814,F,18 -20,2,SIMPLE ASSAULT,1,118870
2010,40179,F,18 -20,2,SIMPLE ASSAULT,1,141896
2011,40544,F,18 -20,2,SIMPLE ASSAULT,1,291840
2012,40909,F,18 -20,2,SIMPLE ASSAULT,1,156266
2013,41275,F,18 -20,2,SIMPLE ASSAULT,1,182762
2014,41640,F,18 -20,2,SIMPLE ASSAULT,1,66173
2015,42005,F,18 -20,2,SIMPLE ASSAULT,1,81604
2016,42370,F,18 -20,2,SIMPLE ASSAULT,1,64411
2017,42736,F,18 -20,2,SIMPLE ASSAULT,1,96278
2018,43101,F,18 -20,2,SIMPLE ASSAULT,1,226274
2019,43466,F,18 -20,2,SIMPLE ASSAULT,1,166145
2020,43831,F,18 -20,2,SIMPLE ASSAULT,1,62516
2021,44197,F,18 -20,2,SIMPLE ASSAULT,1,71029
2022,44562,F,18 -20,2,SIMPLE ASSAULT,1,43017
1993,33970,F,18 -20,2,VIOLENT CRIME EXCLUDING SIMPLE ASSAULT,2,320121
1994,34335,F,18 -20,2,VIOLENT CRIME EXCLUDING SIMPLE ASSAULT,2,229741
1995,34700,F,18 -20,2,VIOLENT CRIME EXCLUDING SIMPLE ASSAULT,2,210228
1996,35065,F,18 -20,2,VIOLENT CRIME EXCLUDING SIMPLE ASSAULT,2,232070
1997,35431,F,18 -20,2,VIOLENT CRIME EXCLUDING SIMPLE ASSAULT,2,256762
1998,35796,F,18 -20,2,VIOLENT CRIME EXCLUDING SIMPLE ASSAULT,2,163621
1999,36161,F,18 -20,2,VIOLENT CRIME EXCLUDING SIMPLE ASSAULT,2,213591
2000,36526,F,18 -20,2,VIOLENT CRIME EXCLUDING SIMPLE ASSAULT,2,134078
2001,36892,F,18 -20,2,VIOLENT CRIME EXCLUDING SIMPLE ASSAULT,2,164574
2002,37257,F,18 -20,2,VIOLENT CRIME EXCLUDING SIMPLE ASSAULT,2,169924
2003,37622,F,18 -20,2,VIOLENT CRIME EXCLUDING SIMPLE ASSAULT,2,134972
2004,37987,F,18 -20,2,VIOLENT CRIME EXCLUDING SIMPLE ASSAULT,2,145792
2005,38353,F,18 -20,2,VIOLENT CRIME EXCLUDING SIMPLE ASSAULT,2,126803
2006,38718,F,18 -20,2,VIOLENT CRIME EXCLUDING SIMPLE ASSAULT,2,124534
2007,39083,F,18 -20,2,VIOLENT CRIME EXCLUDING SIMPLE ASSAULT,2,57575
2008,39448,F,18 -20,2,VIOLENT CRIME EXCLUDING SIMPLE ASSAULT,2,133278
2009,39814,F,18 -20,2,VIOLENT CRIME EXCLUDING SIMPLE ASSAULT,2,49083
2010,40179,F,18 -20,2,VIOLENT CRIME EXCLUDING SIMPLE ASSAULT,2,110309
2011,40544,F,18 -20,2,VIOLENT CRIME EXCLUDING SIMPLE ASSAULT,2,111645
2012,40909,F,18 -20,2,VIOLENT CRIME EXCLUDING SIMPLE ASSAULT,2,122475
2013,41275,F,18 -20,2,VIOLENT CRIME EXCLUDING SIMPLE ASSAULT,2,96695
2014,41640,F,18 -20,2,VIOLENT CRIME EXCLUDING SIMPLE ASSAULT,2,33407
2015,42005,F,18 -20,2,VIOLENT CRIME EXCLUDING SIMPLE ASSAULT,2,73289
2016,42370,F,18 -20,2,VIOLENT CRIME EXCLUDING SIMPLE ASSAULT,2,62028
2017,42736,F,18 -20,2,VIOLENT CRIME EXCLUDING SIMPLE ASSAULT,2,166418
2018,43101,F,18 -20,2,VIOLENT CRIME EXCLUDING SIMPLE ASSAULT,2,159038
2019,43466,F,18 -20,2,VIOLENT CRIME EXCLUDING SIMPLE ASSAULT,2,116582
2020,43831,F,18 -20,2,VIOLENT CRIME EXCLUDING SIMPLE ASSAULT,2,115462
2021,44197,F,18 -20,2,VIOLENT CRIME EXCLUDING SIMPLE ASSAULT,2,107916
2022,44562,F,18 -20,2,VIOLENT CRIME EXCLUDING SIMPLE ASSAULT,2,182724
1993,33970,F,35 -49,3,SIMPLE ASSAULT,1,1276452
1994,34335,F,35 -49,3,SIMPLE ASSAULT,1,1221244
1995,34700,F,35 -49,3,SIMPLE ASSAULT,1,1006091
1996,35065,F,35 -49,3,SIMPLE ASSAULT,1,1052924
1997,35431,F,35 -49,3,SIMPLE ASSAULT,1,1178054
1998,35796,F,35 -49,3,SIMPLE ASSAULT,1,959667
1999,36161,F,35 -49,3,SIMPLE ASSAULT,1,825566
2000,36526,F,35 -49,3,SIMPLE ASSAULT,1,568297
2001,36892,F,35 -49,3,SIMPLE ASSAULT,1,593522
2002,37257,F,35 -49,3,SIMPLE ASSAULT,1,663480
2003,37622,F,35 -49,3,SIMPLE ASSAULT,1,529703
2004,37987,F,35 -49,3,SIMPLE ASSAULT,1,623576
2005,38353,F,35 -49,3,SIMPLE ASSAULT,1,556881
2006,38718,F,35 -49,3,SIMPLE ASSAULT,1,542373
2007,39083,F,35 -49,3,SIMPLE ASSAULT,1,521298
2008,39448,F,35 -49,3,SIMPLE ASSAULT,1,505086
2009,39814,F,35 -49,3,SIMPLE ASSAULT,1,572958
2010,40179,F,35 -49,3,SIMPLE ASSAULT,1,388458
2011,40544,F,35 -49,3,SIMPLE ASSAULT,1,433210
2012,40909,F,35 -49,3,SIMPLE ASSAULT,1,536435
2013,41275,F,35 -49,3,SIMPLE ASSAULT,1,420533
2014,41640,F,35 -49,3,SIMPLE ASSAULT,1,391085
2015,42005,F,35 -49,3,SIMPLE ASSAULT,1,568916
2016,42370,F,35 -49,3,SIMPLE ASSAULT,1,502567
2017,42736,F,35 -49,3,SIMPLE ASSAULT,1,461122
2018,43101,F,35 -49,3,SIMPLE ASSAULT,1,449497
2019,43466,F,35 -49,3,SIMPLE ASSAULT,1,429830
2020,43831,F,35 -49,3,SIMPLE ASSAULT,1,397779
2021,44197,F,35 -49,3,SIMPLE ASSAULT,1,420808
2022,44562,F,35 -49,3,SIMPLE ASSAULT,1,529626
1993,33970,F,35 -49,3,VIOLENT CRIME EXCLUDING SIMPLE ASSAULT,2,515185
1994,34335,F,35 -49,3,VIOLENT CRIME EXCLUDING SIMPLE ASSAULT,2,556775
1995,34700,F,35 -49,3,VIOLENT CRIME EXCLUDING SIMPLE ASSAULT,2,518862
1996,35065,F,35 -49,3,VIOLENT CRIME EXCLUDING SIMPLE ASSAULT,2,415326
1997,35431,F,35 -49,3,VIOLENT CRIME EXCLUDING SIMPLE ASSAULT,2,591029
1998,35796,F,35 -49,3,VIOLENT CRIME EXCLUDING SIMPLE ASSAULT,2,377344
1999,36161,F,35 -49,3,VIOLENT CRIME EXCLUDING SIMPLE ASSAULT,2,470632
2000,36526,F,35 -49,3,VIOLENT CRIME EXCLUDING SIMPLE ASSAULT,2,247403
2001,36892,F,35 -49,3,VIOLENT CRIME EXCLUDING SIMPLE ASSAULT,2,360200
2002,37257,F,35 -49,3,VIOLENT CRIME EXCLUDING SIMPLE ASSAULT,2,222296
2003,37622,F,35 -49,3,VIOLENT CRIME EXCLUDING SIMPLE ASSAULT,2,214988
2004,37987,F,35 -49,3,VIOLENT CRIME EXCLUDING SIMPLE ASSAULT,2,271698
2005,38353,F,35 -49,3,VIOLENT CRIME EXCLUDING SIMPLE ASSAULT,2,195882
2006,38718,F,35 -49,3,VIOLENT CRIME EXCLUDING SIMPLE ASSAULT,2,402807
2007,39083,F,35 -49,3,VIOLENT CRIME EXCLUDING SIMPLE ASSAULT,2,273669
2008,39448,F,35 -49,3,VIOLENT CRIME EXCLUDING SIMPLE ASSAULT,2,311194
2009,39814,F,35 -49,3,VIOLENT CRIME EXCLUDING SIMPLE ASSAULT,2,189125
2010,40179,F,35 -49,3,VIOLENT CRIME EXCLUDING SIMPLE ASSAULT,2,174945
2011,40544,F,35 -49,3,VIOLENT CRIME EXCLUDING SIMPLE ASSAULT,2,206665
2012,40909,F,35 -49,3,VIOLENT CRIME EXCLUDING SIMPLE ASSAULT,2,235456
2013,41275,F,35 -49,3,VIOLENT CRIME EXCLUDING SIMPLE ASSAULT,2,190681
2014,41640,F,35 -49,3,VIOLENT CRIME EXCLUDING SIMPLE ASSAULT,2,255450
2015,42005,F,35 -49,3,VIOLENT CRIME EXCLUDING SIMPLE ASSAULT,2,312634
2016,42370,F,35 -49,3,VIOLENT CRIME EXCLUDING SIMPLE ASSAULT,2,185570
2017,42736,F,35 -49,3,VIOLENT CRIME EXCLUDING SIMPLE ASSAULT,2,284372
2018,43101,F,35 -49,3,VIOLENT CRIME EXCLUDING SIMPLE ASSAULT,2,379116
2019,43466,F,35 -49,3,VIOLENT CRIME EXCLUDING SIMPLE ASSAULT,2,225800
2020,43831,F,35 -49,3,VIOLENT CRIME EXCLUDING SIMPLE ASSAULT,2,173113
2021,44197,F,35 -49,3,VIOLENT CRIME EXCLUDING SIMPLE ASSAULT,2,227755
2022,44562,F,35 -49,3,VIOLENT CRIME EXCLUDING SIMPLE ASSAULT,2,350169
1993,33970,F,65 <,5,SIMPLE ASSAULT,1,57060
1994,34335,F,65 <,5,SIMPLE ASSAULT,1,43077
1995,34700,F,65 <,5,SIMPLE ASSAULT,1,52122
1996,35065,F,65 <,5,SIMPLE ASSAULT,1,52109
1997,35431,F,65 <,5,SIMPLE ASSAULT,1,67902
1998,35796,F,65 <,5,SIMPLE ASSAULT,1,46466
1999,36161,F,65 <,5,SIMPLE ASSAULT,1,57069
2000,36526,F,65 <,5,SIMPLE ASSAULT,1,38542
2001,36892,F,65 <,5,SIMPLE ASSAULT,1,85736
2002,37257,F,65 <,5,SIMPLE ASSAULT,1,40582
2003,37622,F,65 <,5,SIMPLE ASSAULT,1,20114
2004,37987,F,65 <,5,SIMPLE ASSAULT,1,26345
2005,38353,F,65 <,5,SIMPLE ASSAULT,1,21929
2006,38718,F,65 <,5,SIMPLE ASSAULT,1,44430
2007,39083,F,65 <,5,SIMPLE ASSAULT,1,35039
2008,39448,F,65 <,5,SIMPLE ASSAULT,1,48642
2009,39814,F,65 <,5,SIMPLE ASSAULT,1,59076
2010,40179,F,65 <,5,SIMPLE ASSAULT,1,46865
2011,40544,F,65 <,5,SIMPLE ASSAULT,1,74066
2012,40909,F,65 <,5,SIMPLE ASSAULT,1,93659
2013,41275,F,65 <,5,SIMPLE ASSAULT,1,45293
2014,41640,F,65 <,5,SIMPLE ASSAULT,1,34705
2015,42005,F,65 <,5,SIMPLE ASSAULT,1,119094
2016,42370,F,65 <,5,SIMPLE ASSAULT,1,100277
2017,42736,F,65 <,5,SIMPLE ASSAULT,1,126391
2018,43101,F,65 <,5,SIMPLE ASSAULT,1,101597
2019,43466,F,65 <,5,SIMPLE ASSAULT,1,81683
2020,43831,F,65 <,5,SIMPLE ASSAULT,1,66542
2021,44197,F,65 <,5,SIMPLE ASSAULT,1,109392
2022,44562,F,65 <,5,SIMPLE ASSAULT,1,181253
1993,33970,F,65 <,5,VIOLENT CRIME EXCLUDING SIMPLE ASSAULT,2,66871
1994,34335,F,65 <,5,VIOLENT CRIME EXCLUDING SIMPLE ASSAULT,2,45573
1995,34700,F,65 <,5,VIOLENT CRIME EXCLUDING SIMPLE ASSAULT,2,26449
1996,35065,F,65 <,5,VIOLENT CRIME EXCLUDING SIMPLE ASSAULT,2,28647
1997,35431,F,65 <,5,VIOLENT CRIME EXCLUDING SIMPLE ASSAULT,2,23399
1998,35796,F,65 <,5,VIOLENT CRIME EXCLUDING SIMPLE ASSAULT,2,12165
1999,36161,F,65 <,5,VIOLENT CRIME EXCLUDING SIMPLE ASSAULT,2,25393
2000,36526,F,65 <,5,VIOLENT CRIME EXCLUDING SIMPLE ASSAULT,2,32918
2001,36892,F,65 <,5,VIOLENT CRIME EXCLUDING SIMPLE ASSAULT,2,48010
2002,37257,F,65 <,5,VIOLENT CRIME EXCLUDING SIMPLE ASSAULT,2,29517
2003,37622,F,65 <,5,VIOLENT CRIME EXCLUDING SIMPLE ASSAULT,2,25766
2004,37987,F,65 <,5,VIOLENT CRIME EXCLUDING SIMPLE ASSAULT,2,9431
2005,38353,F,65 <,5,VIOLENT CRIME EXCLUDING SIMPLE ASSAULT,2,10903
2006,38718,F,65 <,5,VIOLENT CRIME EXCLUDING SIMPLE ASSAULT,2,23274
2007,39083,F,65 <,5,VIOLENT CRIME EXCLUDING SIMPLE ASSAULT,2,23497
2008,39448,F,65 <,5,VIOLENT CRIME EXCLUDING SIMPLE ASSAULT,2,18901
2009,39814,F,65 <,5,VIOLENT CRIME EXCLUDING SIMPLE ASSAULT,2,13187
2010,40179,F,65 <,5,VIOLENT CRIME EXCLUDING SIMPLE ASSAULT,2,9439
2011,40544,F,65 <,5,VIOLENT CRIME EXCLUDING SIMPLE ASSAULT,2,42598
2012,40909,F,65 <,5,VIOLENT CRIME EXCLUDING SIMPLE ASSAULT,2,33891
2013,41275,F,65 <,5,VIOLENT CRIME EXCLUDING SIMPLE ASSAULT,2,21346
2014,41640,F,65 <,5,VIOLENT CRIME EXCLUDING SIMPLE ASSAULT,2,35395
2015,42005,F,65 <,5,VIOLENT CRIME EXCLUDING SIMPLE ASSAULT,2,54467
2016,42370,F,65 <,5,VIOLENT CRIME EXCLUDING SIMPLE ASSAULT,2,20603
2017,42736,F,65 <,5,VIOLENT CRIME EXCLUDING SIMPLE ASSAULT,2,33093
2018,43101,F,65 <,5,VIOLENT CRIME EXCLUDING SIMPLE ASSAULT,2,57558
2019,43466,F,65 <,5,VIOLENT CRIME EXCLUDING SIMPLE ASSAULT,2,48042
2020,43831,F,65 <,5,VIOLENT CRIME EXCLUDING SIMPLE ASSAULT,2,42492
2021,44197,F,65 <,5,VIOLENT CRIME EXCLUDING SIMPLE ASSAULT,2,60436
2022,44562,F,65 <,5,VIOLENT CRIME EXCLUDING SIMPLE ASSAULT,2,122412
1993,33970,F,15- 17,1,SIMPLE ASSAULT,1,370940
1994,34335,F,15- 17,1,SIMPLE ASSAULT,1,348382
1995,34700,F,15- 17,1,SIMPLE ASSAULT,1,415087
1996,35065,F,15- 17,1,SIMPLE ASSAULT,1,381774
1997,35431,F,15- 17,1,SIMPLE ASSAULT,1,449128
1998,35796,F,15- 17,1,SIMPLE ASSAULT,1,309912
1999,36161,F,15- 17,1,SIMPLE ASSAULT,1,497493
2000,36526,F,15- 17,1,SIMPLE ASSAULT,1,312376
2001,36892,F,15- 17,1,SIMPLE ASSAULT,1,300305
2002,37257,F,15- 17,1,SIMPLE ASSAULT,1,309932
2003,37622,F,15- 17,1,SIMPLE ASSAULT,1,262217
2004,37987,F,15- 17,1,SIMPLE ASSAULT,1,136627
2005,38353,F,15- 17,1,SIMPLE ASSAULT,1,278268
2006,38718,F,15- 17,1,SIMPLE ASSAULT,1,315525
2007,39083,F,15- 17,1,SIMPLE ASSAULT,1,166254
2008,39448,F,15- 17,1,SIMPLE ASSAULT,1,139058
2009,39814,F,15- 17,1,SIMPLE ASSAULT,1,128416
2010,40179,F,15- 17,1,SIMPLE ASSAULT,1,56495
2011,40544,F,15- 17,1,SIMPLE ASSAULT,1,107417
2012,40909,F,15- 17,1,SIMPLE ASSAULT,1,202483
2013,41275,F,15- 17,1,SIMPLE ASSAULT,1,226340
2014,41640,F,15- 17,1,SIMPLE ASSAULT,1,154137
2015,42005,F,15- 17,1,SIMPLE ASSAULT,1,74882
2016,42370,F,15- 17,1,SIMPLE ASSAULT,1,53632
2017,42736,F,15- 17,1,SIMPLE ASSAULT,1,117011
2018,43101,F,15- 17,1,SIMPLE ASSAULT,1,99221
2019,43466,F,15- 17,1,SIMPLE ASSAULT,1,141376
2020,43831,F,15- 17,1,SIMPLE ASSAULT,1,45581
2021,44197,F,15- 17,1,SIMPLE ASSAULT,1,21809
2022,44562,F,15- 17,1,SIMPLE ASSAULT,1,98254
1993,33970,F,15- 17,1,VIOLENT CRIME EXCLUDING SIMPLE ASSAULT,2,224340
1994,34335,F,15- 17,1,VIOLENT CRIME EXCLUDING SIMPLE ASSAULT,2,307653
1995,34700,F,15- 17,1,VIOLENT CRIME EXCLUDING SIMPLE ASSAULT,2,228279
1996,35065,F,15- 17,1,VIOLENT CRIME EXCLUDING SIMPLE ASSAULT,2,278836
1997,35431,F,15- 17,1,VIOLENT CRIME EXCLUDING SIMPLE ASSAULT,2,251787
1998,35796,F,15- 17,1,VIOLENT CRIME EXCLUDING SIMPLE ASSAULT,2,166896
1999,36161,F,15- 17,1,VIOLENT CRIME EXCLUDING SIMPLE ASSAULT,2,250911
2000,36526,F,15- 17,1,VIOLENT CRIME EXCLUDING SIMPLE ASSAULT,2,74217
2001,36892,F,15- 17,1,VIOLENT CRIME EXCLUDING SIMPLE ASSAULT,2,119394
2002,37257,F,15- 17,1,VIOLENT CRIME EXCLUDING SIMPLE ASSAULT,2,83331
2003,37622,F,15- 17,1,VIOLENT CRIME EXCLUDING SIMPLE ASSAULT,2,235868
2004,37987,F,15- 17,1,VIOLENT CRIME EXCLUDING SIMPLE ASSAULT,2,57440
2005,38353,F,15- 17,1,VIOLENT CRIME EXCLUDING SIMPLE ASSAULT,2,81828
2006,38718,F,15- 17,1,VIOLENT CRIME EXCLUDING SIMPLE ASSAULT,2,120059
2007,39083,F,15- 17,1,VIOLENT CRIME EXCLUDING SIMPLE ASSAULT,2,191592
2008,39448,F,15- 17,1,VIOLENT CRIME EXCLUDING SIMPLE ASSAULT,2,61210
2009,39814,F,15- 17,1,VIOLENT CRIME EXCLUDING SIMPLE ASSAULT,2,57166
2010,40179,F,15- 17,1,VIOLENT CRIME EXCLUDING SIMPLE ASSAULT,2,115620
2011,40544,F,15- 17,1,VIOLENT CRIME EXCLUDING SIMPLE ASSAULT,2,55570
2012,40909,F,15- 17,1,VIOLENT CRIME EXCLUDING SIMPLE ASSAULT,2,31235
2013,41275,F,15- 17,1,VIOLENT CRIME EXCLUDING SIMPLE ASSAULT,2,60223
2014,41640,F,15- 17,1,VIOLENT CRIME EXCLUDING SIMPLE ASSAULT,2,36086
2015,42005,F,15- 17,1,VIOLENT CRIME EXCLUDING SIMPLE ASSAULT,2,34930
2016,42370,F,15- 17,1,VIOLENT CRIME EXCLUDING SIMPLE ASSAULT,2,39844
2017,42736,F,15- 17,1,VIOLENT CRIME EXCLUDING SIMPLE ASSAULT,2,48900
2018,43101,F,15- 17,1,VIOLENT CRIME EXCLUDING SIMPLE ASSAULT,2,87416
2019,43466,F,15- 17,1,VIOLENT CRIME EXCLUDING SIMPLE ASSAULT,2,91700
2020,43831,F,15- 17,1,VIOLENT CRIME EXCLUDING SIMPLE ASSAULT,2,72796
2021,44197,F,15- 17,1,VIOLENT CRIME EXCLUDING SIMPLE ASSAULT,2,24035
2022,44562,F,15- 17,1,VIOLENT CRIME EXCLUDING SIMPLE ASSAULT,2,64043
1993,33970,F,14-Dec,1,SIMPLE ASSAULT,1,629099
1994,34335,F,14-Dec,1,SIMPLE ASSAULT,1,820235
1995,34700,F,14-Dec,1,SIMPLE ASSAULT,1,586566
1996,35065,F,14-Dec,1,SIMPLE ASSAULT,1,471253
1997,35431,F,14-Dec,1,SIMPLE ASSAULT,1,479545
1998,35796,F,14-Dec,1,SIMPLE ASSAULT,1,351818
1999,36161,F,14-Dec,1,SIMPLE ASSAULT,1,332784
2000,36526,F,14-Dec,1,SIMPLE ASSAULT,1,238282
2001,36892,F,14-Dec,1,SIMPLE ASSAULT,1,236647
2002,37257,F,14-Dec,1,SIMPLE ASSAULT,1,261782
2003,37622,F,14-Dec,1,SIMPLE ASSAULT,1,237402
2004,37987,F,14-Dec,1,SIMPLE ASSAULT,1,217255
2005,38353,F,14-Dec,1,SIMPLE ASSAULT,1,168663
2006,38718,F,14-Dec,1,SIMPLE ASSAULT,1,178711
2007,39083,F,14-Dec,1,SIMPLE ASSAULT,1,253120
2008,39448,F,14-Dec,1,SIMPLE ASSAULT,1,160767
2009,39814,F,14-Dec,1,SIMPLE ASSAULT,1,158245
2010,40179,F,14-Dec,1,SIMPLE ASSAULT,1,96362
2011,40544,F,14-Dec,1,SIMPLE ASSAULT,1,160120
2012,40909,F,14-Dec,1,SIMPLE ASSAULT,1,225055
2013,41275,F,14-Dec,1,SIMPLE ASSAULT,1,239922
2014,41640,F,14-Dec,1,SIMPLE ASSAULT,1,128468
2015,42005,F,14-Dec,1,SIMPLE ASSAULT,1,222088
2016,42370,F,14-Dec,1,SIMPLE ASSAULT,1,80781
2017,42736,F,14-Dec,1,SIMPLE ASSAULT,1,117664
2018,43101,F,14-Dec,1,SIMPLE ASSAULT,1,89676
2019,43466,F,14-Dec,1,SIMPLE ASSAULT,1,128891
2020,43831,F,14-Dec,1,SIMPLE ASSAULT,1,68326
2021,44197,F,14-Dec,1,SIMPLE ASSAULT,1,52102
2022,44562,F,14-Dec,1,SIMPLE ASSAULT,1,127470
1993,33970,F,14-Dec,1,VIOLENT CRIME EXCLUDING SIMPLE ASSAULT,2,227531
1994,34335,F,14-Dec,1,VIOLENT CRIME EXCLUDING SIMPLE ASSAULT,2,181571
1995,34700,F,14-Dec,1,VIOLENT CRIME EXCLUDING SIMPLE ASSAULT,2,133175
1996,35065,F,14-Dec,1,VIOLENT CRIME EXCLUDING SIMPLE ASSAULT,2,105355
1997,35431,F,14-Dec,1,VIOLENT CRIME EXCLUDING SIMPLE ASSAULT,2,176394
1998,35796,F,14-Dec,1,VIOLENT CRIME EXCLUDING SIMPLE ASSAULT,2,194746
1999,36161,F,14-Dec,1,VIOLENT CRIME EXCLUDING SIMPLE ASSAULT,2,139198
2000,36526,F,14-Dec,1,VIOLENT CRIME EXCLUDING SIMPLE ASSAULT,2,76429
2001,36892,F,14-Dec,1,VIOLENT CRIME EXCLUDING SIMPLE ASSAULT,2,120670
2002,37257,F,14-Dec,1,VIOLENT CRIME EXCLUDING SIMPLE ASSAULT,2,89253
2003,37622,F,14-Dec,1,VIOLENT CRIME EXCLUDING SIMPLE ASSAULT,2,53246
2004,37987,F,14-Dec,1,VIOLENT CRIME EXCLUDING SIMPLE ASSAULT,2,59452
2005,38353,F,14-Dec,1,VIOLENT CRIME EXCLUDING SIMPLE ASSAULT,2,56791
2006,38718,F,14-Dec,1,VIOLENT CRIME EXCLUDING SIMPLE ASSAULT,2,119933
2007,39083,F,14-Dec,1,VIOLENT CRIME EXCLUDING SIMPLE ASSAULT,2,54308
2008,39448,F,14-Dec,1,VIOLENT CRIME EXCLUDING SIMPLE ASSAULT,2,99904
2009,39814,F,14-Dec,1,VIOLENT CRIME EXCLUDING SIMPLE ASSAULT,2,104042
2010,40179,F,14-Dec,1,VIOLENT CRIME EXCLUDING SIMPLE ASSAULT,2,53274
2011,40544,F,14-Dec,1,VIOLENT CRIME EXCLUDING SIMPLE ASSAULT,2,38807
2012,40909,F,14-Dec,1,VIOLENT CRIME EXCLUDING SIMPLE ASSAULT,2,34740
2013,41275,F,14-Dec,1,VIOLENT CRIME EXCLUDING SIMPLE ASSAULT,2,45497
2014,41640,F,14-Dec,1,VIOLENT CRIME EXCLUDING SIMPLE ASSAULT,2,36544
2015,42005,F,14-Dec,1,VIOLENT CRIME EXCLUDING SIMPLE ASSAULT,2,64497
2016,42370,F,14-Dec,1,VIOLENT CRIME EXCLUDING SIMPLE ASSAULT,2,39524
2017,42736,F,14-Dec,1,VIOLENT CRIME EXCLUDING SIMPLE ASSAULT,2,27305
2018,43101,F,14-Dec,1,VIOLENT CRIME EXCLUDING SIMPLE ASSAULT,2,47047
2019,43466,F,14-Dec,1,VIOLENT CRIME EXCLUDING SIMPLE ASSAULT,2,18931
2020,43831,F,14-Dec,1,VIOLENT CRIME EXCLUDING SIMPLE ASSAULT,2,12048
2021,44197,F,14-Dec,1,VIOLENT CRIME EXCLUDING SIMPLE ASSAULT,2,31021
2022,44562,F,14-Dec,1,VIOLENT CRIME EXCLUDING SIMPLE ASSAULT,2,34999
1993,33970,F,25 -34,3,SIMPLE ASSAULT,1,998892
1994,34335,F,25 -34,3,SIMPLE ASSAULT,1,1286595
1995,34700,F,25 -34,3,SIMPLE ASSAULT,1,1239149
1996,35065,F,25 -34,3,SIMPLE ASSAULT,1,1095489
1997,35431,F,25 -34,3,SIMPLE ASSAULT,1,910561
1998,35796,F,25 -34,3,SIMPLE ASSAULT,1,755624
1999,36161,F,25 -34,3,SIMPLE ASSAULT,1,778426
2000,36526,F,25 -34,3,SIMPLE ASSAULT,1,620361
2001,36892,F,25 -34,3,SIMPLE ASSAULT,1,503624
2002,37257,F,25 -34,3,SIMPLE ASSAULT,1,529346
2003,37622,F,25 -34,3,SIMPLE ASSAULT,1,502278
2004,37987,F,25 -34,3,SIMPLE ASSAULT,1,389517
2005,38353,F,25 -34,3,SIMPLE ASSAULT,1,357115
2006,38718,F,25 -34,3,SIMPLE ASSAULT,1,565934
2007,39083,F,25 -34,3,SIMPLE ASSAULT,1,380894
2008,39448,F,25 -34,3,SIMPLE ASSAULT,1,422539
2009,39814,F,25 -34,3,SIMPLE ASSAULT,1,434064
2010,40179,F,25 -34,3,SIMPLE ASSAULT,1,404074
2011,40544,F,25 -34,3,SIMPLE ASSAULT,1,295435
2012,40909,F,25 -34,3,SIMPLE ASSAULT,1,443711
2013,41275,F,25 -34,3,SIMPLE ASSAULT,1,374174
2014,41640,F,25 -34,3,SIMPLE ASSAULT,1,390481
2015,42005,F,25 -34,3,SIMPLE ASSAULT,1,298816
2016,42370,F,25 -34,3,SIMPLE ASSAULT,1,432634
2017,42736,F,25 -34,3,SIMPLE ASSAULT,1,384580
2018,43101,F,25 -34,3,SIMPLE ASSAULT,1,541494
2019,43466,F,25 -34,3,SIMPLE ASSAULT,1,349879
2020,43831,F,25 -34,3,SIMPLE ASSAULT,1,310395
2021,44197,F,25 -34,3,SIMPLE ASSAULT,1,219449
2022,44562,F,25 -34,3,SIMPLE ASSAULT,1,454143
1993,33970,F,25 -34,3,VIOLENT CRIME EXCLUDING SIMPLE ASSAULT,2,744334
1994,34335,F,25 -34,3,VIOLENT CRIME EXCLUDING SIMPLE ASSAULT,2,797719
1995,34700,F,25 -34,3,VIOLENT CRIME EXCLUDING SIMPLE ASSAULT,2,513426
1996,35065,F,25 -34,3,VIOLENT CRIME EXCLUDING SIMPLE ASSAULT,2,554539
1997,35431,F,25 -34,3,VIOLENT CRIME EXCLUDING SIMPLE ASSAULT,2,453977
1998,35796,F,25 -34,3,VIOLENT CRIME EXCLUDING SIMPLE ASSAULT,2,308361
1999,36161,F,25 -34,3,VIOLENT CRIME EXCLUDING SIMPLE ASSAULT,2,406755
2000,36526,F,25 -34,3,VIOLENT CRIME EXCLUDING SIMPLE ASSAULT,2,255143
2001,36892,F,25 -34,3,VIOLENT CRIME EXCLUDING SIMPLE ASSAULT,2,228065
2002,37257,F,25 -34,3,VIOLENT CRIME EXCLUDING SIMPLE ASSAULT,2,249324
2003,37622,F,25 -34,3,VIOLENT CRIME EXCLUDING SIMPLE ASSAULT,2,238921
2004,37987,F,25 -34,3,VIOLENT CRIME EXCLUDING SIMPLE ASSAULT,2,210503
2005,38353,F,25 -34,3,VIOLENT CRIME EXCLUDING SIMPLE ASSAULT,2,170157
2006,38718,F,25 -34,3,VIOLENT CRIME EXCLUDING SIMPLE ASSAULT,2,334503
2007,39083,F,25 -34,3,VIOLENT CRIME EXCLUDING SIMPLE ASSAULT,2,265481
2008,39448,F,25 -34,3,VIOLENT CRIME EXCLUDING SIMPLE ASSAULT,2,275685
2009,39814,F,25 -34,3,VIOLENT CRIME EXCLUDING SIMPLE ASSAULT,2,175777
2010,40179,F,25 -34,3,VIOLENT CRIME EXCLUDING SIMPLE ASSAULT,2,176175
2011,40544,F,25 -34,3,VIOLENT CRIME EXCLUDING SIMPLE ASSAULT,2,206965
2012,40909,F,25 -34,3,VIOLENT CRIME EXCLUDING SIMPLE ASSAULT,2,228822
2013,41275,F,25 -34,3,VIOLENT CRIME EXCLUDING SIMPLE ASSAULT,2,229692
2014,41640,F,25 -34,3,VIOLENT CRIME EXCLUDING SIMPLE ASSAULT,2,196276
2015,42005,F,25 -34,3,VIOLENT CRIME EXCLUDING SIMPLE ASSAULT,2,239675
2016,42370,F,25 -34,3,VIOLENT CRIME EXCLUDING SIMPLE ASSAULT,2,306986
2017,42736,F,25 -34,3,VIOLENT CRIME EXCLUDING SIMPLE ASSAULT,2,200858
2018,43101,F,25 -34,3,VIOLENT CRIME EXCLUDING SIMPLE ASSAULT,2,320868
2019,43466,F,25 -34,3,VIOLENT CRIME EXCLUDING SIMPLE ASSAULT,2,152490
2020,43831,F,25 -34,3,VIOLENT CRIME EXCLUDING SIMPLE ASSAULT,2,216221
2021,44197,F,25 -34,3,VIOLENT CRIME EXCLUDING SIMPLE ASSAULT,2,222958
2022,44562,F,25 -34,3,VIOLENT CRIME EXCLUDING SIMPLE ASSAULT,2,291895
